INSERT INTO Clientes (identificacion,nombres,apellidos) VALUES
	 ('1110238','Juan Pedro','Perez Lopez'),
	 ('1110655','Maria José','Perez Lopez'),
	 ('7317164','Suzy','Ritchie'),
	 ('1649129','Cissy','Ding'),
	 ('1441413','Sharona','Jacobsson'),
	 ('0824503','Elston','Rosenthal'),
	 ('6761578','Kizzie','Marquot'),
	 ('5456476','Maria','MacCaughan'),
	 ('0936013','Bradly','Townrow'),
	 ('5506334','Lemmy','Pimmocke');
INSERT INTO Clientes (identificacion,nombres,apellidos) VALUES
	 ('6118567','Dennet','Jirus'),
	 ('4859976','Elvin','Keaveney'),
	 ('48868247','Cadman','Kaufman'),
	 ('32954584','Orli','Anderson'),
	 ('21219283','Amela','Marquez'),
	 ('25418715','Cruz','Black'),
	 ('48571389','Christen','Mays'),
	 ('27147847','Sacha','Johnston'),
	 ('25593603','Ciaran','Wade'),
	 ('6065312','Catherine','Mcbride');
INSERT INTO Clientes (identificacion,nombres,apellidos) VALUES
	 ('34936662','Victor','Sims'),
	 ('44189087','Mercedes','Lester'),
	 ('38828266','Nell','Moore'),
	 ('24980776','Wang','Norris'),
	 ('46040998','Maryam','Ramsey'),
	 ('34054513','Bevis','Walters'),
	 ('41503957','Briar','Wooten'),
	 ('36694362','Lucas','Castro'),
	 ('35345044','Athena','Compton'),
	 ('33338125','Pascale','Perkins');
INSERT INTO Clientes (identificacion,nombres,apellidos) VALUES
	 ('36589093','Rashad','Shelton'),
	 ('36111368','Jada','Chase'),
	 ('29113821','Unity','Hubbard'),
	 ('43500865','Bruce','Hicks'),
	 ('21623361','Jacob','Brock'),
	 ('49510553','Amy','Owens'),
	 ('40051775','Alea','Riggs'),
	 ('9054578','Janna','Woodward'),
	 ('11566430','Scarlett','Bullock'),
	 ('27641633','Seth','Watkins');
INSERT INTO Clientes (identificacion,nombres,apellidos) VALUES
	 ('42150338','Raya','Morton'),
	 ('12113214','Abel','Wolfe'),
	 ('6962300','Jana','Conley'),
	 ('33018389','Angelica','Rivers'),
	 ('42817819','Conan','Griffin'),
	 ('12462156','Buckminster','Fulton'),
	 ('12977725','Keiko','Parrish'),
	 ('41501510','Austin','Hull'),
	 ('8070321','Hiroko','Wood'),
	 ('20534551','Chancellor','Perry');
INSERT INTO Clientes (identificacion,nombres,apellidos) VALUES
	 ('45628526','Brennan','Powell'),
	 ('17776066','Kim','Chapman'),
	 ('16059318','Sybill','Schmidt'),
	 ('33720932','Griffin','Bender'),
	 ('42358273','Alfonso','Hayes'),
	 ('43321243','Buckminster','Adams'),
	 ('14534217','Lynn','Cabrera'),
	 ('45822385','Hope','Dodson'),
	 ('18665068','Jemima','Gross'),
	 ('46047512','Driscoll','Mcclure');
INSERT INTO Clientes (identificacion,nombres,apellidos) VALUES
	 ('44379651','Ashton','Roberts'),
	 ('49580947','Regina','Curry'),
	 ('11098205','Barry','Head'),
	 ('24930210','Kyla','Mcintyre'),
	 ('34590098','Colorado','Gilbert'),
	 ('5879170','Victor','Flynn'),
	 ('7418959','Amity','Riggs'),
	 ('9634961','Hu','Moses'),
	 ('30187414','Amena','Duncan'),
	 ('32146460','Curran','West');
INSERT INTO Clientes (identificacion,nombres,apellidos) VALUES
	 ('26777784','Price','Donovan'),
	 ('43197785','Tara','Tyson'),
	 ('26170685','Wynter','Bruce'),
	 ('32832874','Cameran','Hammond'),
	 ('40513169','Colby','Cole'),
	 ('35915455','Liberty','Nolan'),
	 ('46809729','Lila','Fernandez'),
	 ('5346324','Venus','Barrett'),
	 ('34992051','Linus','Cobb'),
	 ('18333638','Noelle','Rosales');
INSERT INTO Clientes (identificacion,nombres,apellidos) VALUES
	 ('7546189','Mercedes','Walsh'),
	 ('10345974','Maxine','Heath'),
	 ('31747866','Castor','Bridges'),
	 ('12618174','Kirby','Gillespie'),
	 ('49642652','Wing','West'),
	 ('10119315','Evan','Garner'),
	 ('30391292','Cadman','Little'),
	 ('12122884','Rashad','Molina'),
	 ('37253410','Moses','Carey'),
	 ('49746354','Garrett','Alston');
INSERT INTO Clientes (identificacion,nombres,apellidos) VALUES
	 ('38130979','Indigo','Vaughn'),
	 ('44016249','Athena','Mccarthy'),
	 ('37571075','Dora','Middleton'),
	 ('37714178','Davis','Wells'),
	 ('35466906','Lewis','Watts'),
	 ('27588148','Olivia','Spears'),
	 ('26198120','Brooke','Walter'),
	 ('19807674','Julian','Ortega'),
	 ('31031636','Angela','Becker'),
	 ('34773300','Otto','Richard');
INSERT INTO Clientes (identificacion,nombres,apellidos) VALUES
	 ('16015035','Leigh','Foley'),
	 ('49898654','Brittany','Benjamin'),
	 ('45204366','Leo','Grant'),
	 ('15824417','Samantha','Ortega'),
	 ('37578869','Bertha','Gonzalez'),
	 ('35922253','Drake','Young'),
	 ('12506585','Mara','Ortega'),
	 ('14832939','Tarik','Sullivan'),
	 ('27818588','Daniel','Weeks'),
	 ('47979726','Nero','Davenport');
INSERT INTO Clientes (identificacion,nombres,apellidos) VALUES
	 ('13367900','Pearl','Schwartz'),
	 ('45834243','Phillip','Sullivan');
INSERT INTO Marcas (codigoMarca,nombre) VALUES
	 (1,'Adidas'),
	 (2,'Nike'),
	 (3,'Arturo'),
	 (4,'Koaj'),
	 (5,'Bossi'),
	 (6,'Gef'),
	 (7,'Studio'),
	 (8,'Puma'),
	 (9,'Ela');
INSERT INTO Productos (codigoBarras,nombre,precio,talla,color,idMarca) VALUES
	 (2268,'Camisa',61000.0,'M','Negro',5),
	 (3246,'Falda',95000.0,'M','Azul',1),
	 (4019,'Camiseta',46000.0,'L','Azul',7),
	 (4052,'Pantalón',82000.0,'M','Azul',3),
	 (4090,'Camisa',86000.0,'XL','Blanco',9),
	 (4393,'Vestido',50000.0,'L','Azul',9),
	 (4525,'Vestido',62000.0,'S','Verde',7),
	 (4535,'Falda',30000.0,'S','Negro',8),
	 (4703,'Camiseta',53000.0,'M','Rojo',7),
	 (5863,'Camisa',66000.0,'S','Rojo',5);
INSERT INTO Productos (codigoBarras,nombre,precio,talla,color,idMarca) VALUES
	 (5878,'Camiseta',18000.0,'XL','Azul',7),
	 (6111,'Jean',67000.0,'XL','Verde',3),
	 (6288,'Camiseta',38000.0,'S','Blanco',9),
	 (6462,'Falda',38000.0,'L','Rojo',4),
	 (7019,'Pantalón',91000.0,'L','Azul',1),
	 (7445,'Jean',10000.0,'S','Rojo',4),
	 (7795,'Pantalón',73000.0,'XL','Azul',6),
	 (7860,'Vestido',60000.0,'XL','Azul',9),
	 (7961,'Vestido',61000.0,'M','Rojo',8),
	 (8025,'Pantalón',88000.0,'S','Azul',1);
INSERT INTO Productos (codigoBarras,nombre,precio,talla,color,idMarca) VALUES
	 (8506,'Falda',53000.0,'XL','Rojo',7),
	 (9195,'Camisa',66000.0,'L','Negro',3),
	 (9633,'Jean',46000.0,'L','Azul',2),
	 (9875,'Jean',82000.0,'M','Azul',2);
INSERT INTO Ventas (codigoVenta,total,idCliente) VALUES
	 ('1',95000.0,'47979726'),
	 ('2',35000.0,'18665068'),
	 ('3',47000.0,'7418959'),
	 ('4',20000.0,'45628526'),
	 ('5',24000.0,'44189087'),
	 ('6',70000.0,'41503957'),
	 ('7',75000.0,'12618174'),
	 ('8',96000.0,'49898654'),
	 ('9',43000.0,'34936662'),
	 ('10',99000.0,'26170685');
INSERT INTO Ventas (codigoVenta,total,idCliente) VALUES
	 ('11',92000.0,'14832939'),
	 ('12',41000.0,'43500865'),
	 ('13',91000.0,'48868247'),
	 ('14',51000.0,'5879170'),
	 ('15',28000.0,'41501510'),
	 ('16',72000.0,'38828266'),
	 ('17',81000.0,'26170685'),
	 ('18',42000.0,'12977725'),
	 ('19',23000.0,'30187414'),
	 ('20',90000.0,'41501510');
INSERT INTO Ventas (codigoVenta,total,idCliente) VALUES
	 ('21',18000.0,'14832939'),
	 ('22',27000.0,'24930210'),
	 ('23',41000.0,'36589093'),
	 ('24',74000.0,'42150338'),
	 ('25',11000.0,'6065312'),
	 ('26',17000.0,'43321243'),
	 ('27',81000.0,'45204366'),
	 ('28',84000.0,'20534551'),
	 ('29',24000.0,'49510553'),
	 ('30',35000.0,'11566430');
INSERT INTO Ventas (codigoVenta,total,idCliente) VALUES
	 ('31',24000.0,'35915455'),
	 ('32',44000.0,'13367900'),
	 ('33',60000.0,'45628526'),
	 ('34',92000.0,'11098205'),
	 ('35',40000.0,'13367900'),
	 ('36',84000.0,'26777784'),
	 ('37',10000.0,'25593603'),
	 ('38',45000.0,'10119315'),
	 ('39',100000.0,'16059318'),
	 ('40',22000.0,'12977725');
INSERT INTO Ventas (codigoVenta,total,idCliente) VALUES
	 ('41',30000.0,'32832874'),
	 ('42',52000.0,'19807674'),
	 ('43',50000.0,'37571075'),
	 ('44',34000.0,'8070321'),
	 ('45',10000.0,'37571075'),
	 ('46',93000.0,'11566430'),
	 ('47',72000.0,'37253410'),
	 ('48',31000.0,'24930210'),
	 ('49',32000.0,'36694362'),
	 ('50',55000.0,'45834243');
INSERT INTO Ventas (codigoVenta,total,idCliente) VALUES
	 ('51',52000.0,'32954584'),
	 ('52',74000.0,'12462156'),
	 ('53',89000.0,'34936662'),
	 ('54',85000.0,'8070321'),
	 ('55',46000.0,'49510553'),
	 ('56',61000.0,'44379651'),
	 ('57',76000.0,'8070321'),
	 ('58',30000.0,'36111368'),
	 ('59',43000.0,'49746354'),
	 ('60',68000.0,'40051775');
INSERT INTO Ventas (codigoVenta,total,idCliente) VALUES
	 ('61',92000.0,'48571389'),
	 ('62',34000.0,'38130979'),
	 ('63',10000.0,'33720932'),
	 ('64',48000.0,'21219283'),
	 ('65',82000.0,'9634961'),
	 ('66',11000.0,'12506585'),
	 ('67',56000.0,'45822385'),
	 ('68',97000.0,'42150338'),
	 ('69',42000.0,'26198120'),
	 ('70',53000.0,'40051775');
INSERT INTO Ventas (codigoVenta,total,idCliente) VALUES
	 ('71',45000.0,'5346324'),
	 ('72',42000.0,'13367900'),
	 ('73',94000.0,'11566430'),
	 ('74',30000.0,'7546189'),
	 ('75',35000.0,'43321243'),
	 ('76',53000.0,'27818588'),
	 ('77',77000.0,'27147847'),
	 ('78',71000.0,'49898654'),
	 ('79',52000.0,'41501510'),
	 ('80',28000.0,'34936662');
INSERT INTO Ventas (codigoVenta,total,idCliente) VALUES
	 ('81',71000.0,'6065312'),
	 ('82',63000.0,'24980776'),
	 ('83',75000.0,'27588148'),
	 ('84',63000.0,'42150338'),
	 ('85',67000.0,'45628526'),
	 ('86',99000.0,'33720932'),
	 ('87',20000.0,'10119315'),
	 ('88',58000.0,'48868247'),
	 ('89',76000.0,'25593603'),
	 ('90',92000.0,'46809729');
INSERT INTO Ventas (codigoVenta,total,idCliente) VALUES
	 ('91',12000.0,'33018389'),
	 ('92',85000.0,'33018389'),
	 ('93',41000.0,'48868247'),
	 ('94',13000.0,'33338125'),
	 ('95',90000.0,'43321243'),
	 ('96',63000.0,'44189087'),
	 ('97',70000.0,'18665068'),
	 ('98',76000.0,'34936662'),
	 ('99',81000.0,'18665068'),
	 ('100',65000.0,'18333638');
INSERT INTO Ventas (codigoVenta,total,idCliente) VALUES
	 ('101',64000.0,'37571075'),
	 ('102',84000.0,'34054513'),
	 ('103',70000.0,'49898654'),
	 ('104',40000.0,'35345044'),
	 ('105',100000.0,'14534217'),
	 ('106',34000.0,'48868247'),
	 ('107',57000.0,'12113214'),
	 ('108',38000.0,'43321243'),
	 ('109',24000.0,'36111368'),
	 ('110',46000.0,'40051775');
INSERT INTO Ventas (codigoVenta,total,idCliente) VALUES
	 ('111',55000.0,'37253410'),
	 ('112',99000.0,'34590098'),
	 ('113',44000.0,'10345974'),
	 ('114',64000.0,'49746354'),
	 ('115',34000.0,'49510553'),
	 ('116',23000.0,'29113821'),
	 ('117',37000.0,'41501510'),
	 ('118',100000.0,'43321243'),
	 ('119',67000.0,'47979726'),
	 ('120',90000.0,'10345974');
INSERT INTO Ventas (codigoVenta,total,idCliente) VALUES
	 ('121',50000.0,'26170685'),
	 ('122',56000.0,'44189087'),
	 ('123',98000.0,'31031636'),
	 ('124',57000.0,'10119315'),
	 ('125',39000.0,'35915455'),
	 ('126',88000.0,'45834243'),
	 ('127',39000.0,'27818588'),
	 ('128',57000.0,'34773300'),
	 ('129',97000.0,'12977725'),
	 ('130',52000.0,'44189087');
INSERT INTO Ventas (codigoVenta,total,idCliente) VALUES
	 ('131',16000.0,'34590098'),
	 ('132',78000.0,'44016249'),
	 ('133',76000.0,'34936662'),
	 ('134',58000.0,'32954584'),
	 ('135',15000.0,'14534217'),
	 ('136',23000.0,'37714178'),
	 ('137',88000.0,'49642652'),
	 ('138',39000.0,'20534551'),
	 ('139',10000.0,'12462156'),
	 ('140',91000.0,'30391292');
INSERT INTO Ventas (codigoVenta,total,idCliente) VALUES
	 ('141',79000.0,'45834243'),
	 ('142',20000.0,'21219283'),
	 ('143',85000.0,'43197785'),
	 ('144',34000.0,'48571389'),
	 ('145',82000.0,'26198120'),
	 ('146',83000.0,'35466906'),
	 ('147',33000.0,'34773300'),
	 ('148',86000.0,'16015035'),
	 ('149',73000.0,'44189087'),
	 ('150',43000.0,'49642652');
INSERT INTO Ventas (codigoVenta,total,idCliente) VALUES
	 ('151',46000.0,'44379651'),
	 ('152',50000.0,'11566430'),
	 ('153',21000.0,'9634961'),
	 ('154',76000.0,'40051775'),
	 ('155',77000.0,'36694362'),
	 ('156',62000.0,'14832939'),
	 ('157',63000.0,'12462156'),
	 ('158',74000.0,'12977725'),
	 ('159',83000.0,'35922253'),
	 ('160',83000.0,'24930210');
INSERT INTO Ventas (codigoVenta,total,idCliente) VALUES
	 ('161',56000.0,'12977725'),
	 ('162',24000.0,'15824417'),
	 ('163',14000.0,'44016249'),
	 ('164',46000.0,'14534217'),
	 ('165',78000.0,'18333638'),
	 ('166',97000.0,'27818588'),
	 ('167',54000.0,'49580947'),
	 ('168',70000.0,'38130979'),
	 ('169',60000.0,'36111368'),
	 ('170',44000.0,'48868247');
INSERT INTO Ventas (codigoVenta,total,idCliente) VALUES
	 ('171',94000.0,'37578869'),
	 ('172',33000.0,'21623361'),
	 ('173',27000.0,'47979726'),
	 ('174',86000.0,'27588148'),
	 ('175',44000.0,'32146460'),
	 ('176',43000.0,'40051775'),
	 ('177',80000.0,'40051775'),
	 ('178',94000.0,'45822385'),
	 ('179',94000.0,'49510553'),
	 ('180',96000.0,'36111368');
INSERT INTO Ventas (codigoVenta,total,idCliente) VALUES
	 ('181',43000.0,'33720932'),
	 ('182',32000.0,'47979726'),
	 ('183',21000.0,'31031636'),
	 ('184',88000.0,'49510553'),
	 ('185',46000.0,'8070321'),
	 ('186',19000.0,'10119315'),
	 ('187',99000.0,'44016249'),
	 ('188',88000.0,'49510553'),
	 ('189',11000.0,'32954584'),
	 ('190',48000.0,'27818588');
INSERT INTO Ventas (codigoVenta,total,idCliente) VALUES
	 ('191',59000.0,'9054578'),
	 ('192',99000.0,'38828266'),
	 ('193',75000.0,'16015035'),
	 ('194',79000.0,'5346324'),
	 ('195',42000.0,'45628526'),
	 ('196',81000.0,'29113821'),
	 ('197',92000.0,'21219283'),
	 ('198',72000.0,'27641633'),
	 ('199',69000.0,'27588148'),
	 ('200',23000.0,'37714178');

INSERT INTO VentasProductos (idVentasProductos,cantidad,idProducto,idVenta) VALUES
	 (1,1,4703,'179'),
	 (2,2,4052,'5'),
	 (3,1,8025,'139'),
	 (4,2,9195,'139'),
	 (5,3,7860,'46'),
	 (6,2,7961,'81'),
	 (7,3,9195,'7'),
	 (8,1,9195,'59'),
	 (9,1,6111,'68'),
	 (10,3,9633,'40');
INSERT INTO VentasProductos (idVentasProductos,cantidad,idProducto,idVenta) VALUES
	 (11,1,9195,'60'),
	 (12,1,9875,'181'),
	 (13,1,7445,'144'),
	 (14,1,6111,'183'),
	 (15,2,8025,'91'),
	 (16,3,9195,'100'),
	 (17,1,7445,'20'),
	 (18,3,6462,'156'),
	 (19,1,8025,'55'),
	 (20,3,8025,'79');
INSERT INTO VentasProductos (idVentasProductos,cantidad,idProducto,idVenta) VALUES
	 (21,2,4703,'180'),
	 (22,2,8506,'191'),
	 (23,2,6462,'195'),
	 (24,3,4052,'192'),
	 (25,1,5878,'107'),
	 (26,3,4090,'145'),
	 (27,1,8506,'8'),
	 (28,3,9195,'168'),
	 (29,2,4090,'5'),
	 (30,1,7961,'103');
INSERT INTO VentasProductos (idVentasProductos,cantidad,idProducto,idVenta) VALUES
	 (31,1,9633,'160'),
	 (32,1,9875,'71'),
	 (33,3,9633,'45'),
	 (34,3,3246,'148'),
	 (35,2,4525,'36'),
	 (36,1,9875,'128'),
	 (37,1,7019,'155'),
	 (38,1,5863,'86'),
	 (39,3,7019,'44'),
	 (40,1,7019,'155');
INSERT INTO VentasProductos (idVentasProductos,cantidad,idProducto,idVenta) VALUES
	 (41,2,8025,'110'),
	 (42,1,8025,'17'),
	 (43,1,4525,'148'),
	 (44,1,4090,'186'),
	 (45,3,6462,'181'),
	 (46,3,7019,'179'),
	 (47,3,7019,'181'),
	 (48,1,8506,'123'),
	 (49,3,4052,'76'),
	 (50,3,5878,'29');
INSERT INTO VentasProductos (idVentasProductos,cantidad,idProducto,idVenta) VALUES
	 (51,2,4393,'87'),
	 (52,3,6111,'5'),
	 (53,2,4535,'25'),
	 (54,1,5863,'193'),
	 (55,3,7795,'127'),
	 (56,2,4052,'51'),
	 (57,2,4393,'33'),
	 (58,1,4535,'188'),
	 (59,1,5863,'64'),
	 (60,3,7445,'55');
INSERT INTO VentasProductos (idVentasProductos,cantidad,idProducto,idVenta) VALUES
	 (61,1,6462,'148'),
	 (62,3,6288,'148'),
	 (63,2,4019,'47'),
	 (64,3,4019,'6'),
	 (65,3,5878,'85'),
	 (66,1,4090,'150'),
	 (67,3,6462,'144'),
	 (68,2,4090,'139'),
	 (69,3,3246,'12'),
	 (70,1,9195,'191');
INSERT INTO VentasProductos (idVentasProductos,cantidad,idProducto,idVenta) VALUES
	 (71,1,7961,'125'),
	 (72,1,3246,'130'),
	 (73,2,4703,'109'),
	 (74,1,5863,'33'),
	 (75,1,4535,'69'),
	 (76,3,8506,'53'),
	 (77,2,6111,'117'),
	 (78,1,2268,'6'),
	 (79,2,2268,'138'),
	 (80,1,4525,'186');
INSERT INTO VentasProductos (idVentasProductos,cantidad,idProducto,idVenta) VALUES
	 (81,1,3246,'146'),
	 (82,1,3246,'171'),
	 (83,2,6288,'157'),
	 (84,3,7445,'43'),
	 (85,2,4019,'23'),
	 (86,3,7961,'80'),
	 (87,2,8025,'112'),
	 (88,1,7019,'184'),
	 (89,3,4535,'86'),
	 (90,3,3246,'197');
INSERT INTO VentasProductos (idVentasProductos,cantidad,idProducto,idVenta) VALUES
	 (91,2,6111,'87'),
	 (92,3,6462,'163'),
	 (93,3,5878,'103'),
	 (94,2,7795,'94'),
	 (95,1,6111,'124'),
	 (96,2,5878,'191'),
	 (97,2,9633,'177'),
	 (98,1,7795,'145'),
	 (99,3,2268,'131'),
	 (100,3,4090,'96');
INSERT INTO VentasProductos (idVentasProductos,cantidad,idProducto,idVenta) VALUES
	 (101,2,6462,'77'),
	 (102,3,4525,'127'),
	 (103,3,4393,'47'),
	 (104,1,9195,'166'),
	 (105,3,6462,'28'),
	 (106,2,7019,'116'),
	 (107,2,9875,'105'),
	 (108,2,4019,'16'),
	 (109,1,6288,'159'),
	 (110,2,6462,'20');
INSERT INTO VentasProductos (idVentasProductos,cantidad,idProducto,idVenta) VALUES
	 (111,1,4703,'50'),
	 (112,2,7795,'83'),
	 (113,2,7019,'90'),
	 (114,3,4703,'92'),
	 (115,1,5863,'4'),
	 (116,3,7795,'71'),
	 (117,3,8506,'110'),
	 (118,1,4535,'39'),
	 (119,3,6462,'62'),
	 (120,1,3246,'160');
INSERT INTO VentasProductos (idVentasProductos,cantidad,idProducto,idVenta) VALUES
	 (121,1,9875,'198'),
	 (122,3,6462,'96'),
	 (123,1,4703,'41'),
	 (124,3,4052,'70'),
	 (125,1,8506,'58'),
	 (126,2,5878,'85'),
	 (127,1,6462,'143'),
	 (128,2,7445,'137'),
	 (129,2,7860,'91'),
	 (130,1,7019,'80');
INSERT INTO VentasProductos (idVentasProductos,cantidad,idProducto,idVenta) VALUES
	 (131,3,6288,'5'),
	 (132,3,5878,'191'),
	 (133,2,9875,'143'),
	 (134,1,7445,'17'),
	 (135,3,4525,'62'),
	 (136,2,4525,'109'),
	 (137,3,4525,'156'),
	 (138,2,4525,'27'),
	 (139,2,8506,'34'),
	 (140,2,7019,'41');
INSERT INTO VentasProductos (idVentasProductos,cantidad,idProducto,idVenta) VALUES
	 (141,3,8506,'143'),
	 (142,1,9633,'147'),
	 (143,3,8025,'176'),
	 (144,3,8506,'21'),
	 (145,1,4703,'73'),
	 (146,3,7445,'14'),
	 (147,3,9195,'74'),
	 (148,3,4393,'152'),
	 (149,2,6462,'174'),
	 (150,3,7445,'30');
INSERT INTO VentasProductos (idVentasProductos,cantidad,idProducto,idVenta) VALUES
	 (151,2,4393,'125'),
	 (152,3,5878,'40'),
	 (153,2,8025,'139'),
	 (154,3,8506,'63'),
	 (155,1,4393,'144'),
	 (156,1,8025,'83'),
	 (157,3,9875,'2'),
	 (158,1,7795,'72'),
	 (159,1,4703,'82'),
	 (160,2,3246,'38');
INSERT INTO VentasProductos (idVentasProductos,cantidad,idProducto,idVenta) VALUES
	 (161,1,4393,'2'),
	 (162,1,4052,'187'),
	 (163,1,5863,'160'),
	 (164,3,7961,'129'),
	 (165,2,4535,'58'),
	 (166,2,4525,'25'),
	 (167,3,7019,'189'),
	 (168,3,6111,'196'),
	 (169,3,9195,'112'),
	 (170,2,8025,'102');
INSERT INTO VentasProductos (idVentasProductos,cantidad,idProducto,idVenta) VALUES
	 (171,3,6111,'166'),
	 (172,3,7019,'147'),
	 (173,1,4090,'199'),
	 (174,1,4525,'175'),
	 (175,2,4052,'13'),
	 (176,3,4052,'145'),
	 (177,2,4703,'127'),
	 (178,1,4090,'177'),
	 (179,2,3246,'41'),
	 (180,1,7961,'1');
INSERT INTO VentasProductos (idVentasProductos,cantidad,idProducto,idVenta) VALUES
	 (181,3,4052,'138'),
	 (182,2,2268,'124'),
	 (183,3,4052,'127'),
	 (184,1,9195,'24'),
	 (185,1,7795,'56'),
	 (186,3,9195,'111'),
	 (187,3,2268,'67'),
	 (188,1,7445,'107'),
	 (189,1,4525,'157'),
	 (190,1,6111,'178');
INSERT INTO VentasProductos (idVentasProductos,cantidad,idProducto,idVenta) VALUES
	 (191,3,7961,'17'),
	 (192,1,9875,'196'),
	 (193,2,9875,'189'),
	 (194,3,4090,'111'),
	 (195,3,8025,'82'),
	 (196,3,4703,'113'),
	 (197,3,4393,'195'),
	 (198,1,7445,'73'),
	 (199,1,2268,'176'),
	 (200,3,9195,'93');
INSERT INTO VentasProductos (idVentasProductos,cantidad,idProducto,idVenta) VALUES
	 (201,3,4703,'17'),
	 (202,3,9875,'139'),
	 (203,2,5878,'138'),
	 (204,1,4090,'40'),
	 (205,3,7961,'1'),
	 (206,1,5863,'114'),
	 (207,2,5863,'22'),
	 (208,1,6288,'110'),
	 (209,1,4052,'195'),
	 (210,2,9195,'48');
INSERT INTO VentasProductos (idVentasProductos,cantidad,idProducto,idVenta) VALUES
	 (211,3,9195,'174'),
	 (212,1,9633,'15'),
	 (213,1,7860,'152'),
	 (214,3,4019,'167'),
	 (215,2,5878,'165'),
	 (216,1,4090,'17'),
	 (217,2,8025,'39'),
	 (218,2,6111,'32'),
	 (219,3,4525,'29'),
	 (220,2,7019,'124');
INSERT INTO VentasProductos (idVentasProductos,cantidad,idProducto,idVenta) VALUES
	 (221,3,4090,'146'),
	 (222,1,3246,'156'),
	 (223,1,5878,'157'),
	 (224,1,7019,'134'),
	 (225,2,4535,'13'),
	 (226,1,8025,'13'),
	 (227,1,9875,'74'),
	 (228,1,5863,'185'),
	 (229,3,7795,'106'),
	 (230,3,4393,'25');
INSERT INTO VentasProductos (idVentasProductos,cantidad,idProducto,idVenta) VALUES
	 (231,2,8506,'36'),
	 (232,2,9195,'19'),
	 (233,2,4019,'14'),
	 (234,2,8506,'177'),
	 (235,1,4393,'126'),
	 (236,2,4393,'49'),
	 (237,2,6111,'82'),
	 (238,2,5863,'120'),
	 (239,3,4525,'198'),
	 (240,1,9195,'105');
INSERT INTO VentasProductos (idVentasProductos,cantidad,idProducto,idVenta) VALUES
	 (241,3,6462,'18'),
	 (242,3,7445,'36'),
	 (243,1,6288,'187'),
	 (244,3,8025,'193'),
	 (245,1,4535,'200'),
	 (246,2,8025,'79'),
	 (247,1,5863,'47'),
	 (248,1,8506,'64'),
	 (249,1,4703,'162'),
	 (250,2,7961,'8');
INSERT INTO VentasProductos (idVentasProductos,cantidad,idProducto,idVenta) VALUES
	 (251,1,4535,'56'),
	 (252,3,6462,'94'),
	 (253,2,2268,'138'),
	 (254,1,9633,'171'),
	 (255,2,3246,'144'),
	 (256,3,6462,'56'),
	 (257,2,7860,'55'),
	 (258,1,6111,'112'),
	 (259,3,4525,'183'),
	 (260,1,8506,'17');
INSERT INTO VentasProductos (idVentasProductos,cantidad,idProducto,idVenta) VALUES
	 (261,1,4052,'144'),
	 (262,1,9195,'74'),
	 (263,1,7860,'115'),
	 (264,3,2268,'167'),
	 (265,1,9195,'118'),
	 (266,2,6288,'92'),
	 (267,1,7019,'66'),
	 (268,2,8506,'65'),
	 (269,1,7860,'60'),
	 (270,1,8025,'105');
INSERT INTO VentasProductos (idVentasProductos,cantidad,idProducto,idVenta) VALUES
	 (271,2,4393,'30'),
	 (272,3,5863,'79'),
	 (273,2,9195,'23'),
	 (274,3,4090,'48'),
	 (275,2,4019,'47'),
	 (276,2,5863,'104'),
	 (277,1,6111,'53'),
	 (278,3,4019,'68'),
	 (279,2,7795,'68'),
	 (280,1,4703,'118');
INSERT INTO VentasProductos (idVentasProductos,cantidad,idProducto,idVenta) VALUES
	 (281,1,7860,'66'),
	 (282,2,7795,'16'),
	 (283,1,3246,'106'),
	 (284,1,9195,'160'),
	 (285,3,8506,'95'),
	 (286,3,8025,'85'),
	 (287,2,7961,'184'),
	 (288,2,3246,'22'),
	 (289,1,7795,'45'),
	 (290,1,6111,'150');
INSERT INTO VentasProductos (idVentasProductos,cantidad,idProducto,idVenta) VALUES
	 (291,3,9875,'123'),
	 (292,1,4019,'107'),
	 (293,3,4703,'129'),
	 (294,2,5863,'52'),
	 (295,2,4703,'159'),
	 (296,3,7019,'101'),
	 (297,1,5863,'113'),
	 (298,3,4052,'88'),
	 (299,2,7445,'101'),
	 (300,2,7961,'189');
INSERT INTO VentasProductos (idVentasProductos,cantidad,idProducto,idVenta) VALUES
	 (301,1,7961,'92'),
	 (302,2,2268,'180'),
	 (303,2,6462,'15'),
	 (304,1,4393,'57'),
	 (305,1,5863,'86'),
	 (306,1,8506,'142'),
	 (307,2,8025,'160'),
	 (308,2,4090,'83'),
	 (309,1,4090,'73'),
	 (310,3,6462,'97');
INSERT INTO VentasProductos (idVentasProductos,cantidad,idProducto,idVenta) VALUES
	 (311,1,6462,'161'),
	 (312,2,6111,'147'),
	 (313,2,4393,'122'),
	 (314,1,8506,'161'),
	 (315,1,6111,'135'),
	 (316,3,6462,'103'),
	 (317,2,4019,'27'),
	 (318,3,3246,'172'),
	 (319,1,7961,'138'),
	 (320,2,4090,'25');
INSERT INTO VentasProductos (idVentasProductos,cantidad,idProducto,idVenta) VALUES
	 (321,3,5878,'85'),
	 (322,3,7795,'161'),
	 (323,1,7019,'55'),
	 (324,1,4393,'67'),
	 (325,2,8506,'155'),
	 (326,2,5878,'31'),
	 (327,3,4525,'36'),
	 (328,3,7019,'94'),
	 (329,1,4393,'79'),
	 (330,2,3246,'42');
INSERT INTO VentasProductos (idVentasProductos,cantidad,idProducto,idVenta) VALUES
	 (331,1,7445,'122'),
	 (332,2,4525,'190'),
	 (333,1,4535,'175'),
	 (334,3,4090,'182'),
	 (335,2,7019,'79'),
	 (336,2,4052,'23'),
	 (337,3,4393,'129'),
	 (338,2,9195,'52'),
	 (339,2,9875,'166'),
	 (340,3,8025,'170');
INSERT INTO VentasProductos (idVentasProductos,cantidad,idProducto,idVenta) VALUES
	 (341,3,2268,'29'),
	 (342,3,4019,'117'),
	 (343,3,7961,'190'),
	 (344,3,7860,'4'),
	 (345,2,9633,'107'),
	 (346,1,5878,'157'),
	 (347,1,7795,'195'),
	 (348,1,7019,'105'),
	 (349,2,2268,'86'),
	 (350,1,4703,'104');
INSERT INTO VentasProductos (idVentasProductos,cantidad,idProducto,idVenta) VALUES
	 (351,1,6111,'134'),
	 (352,2,4052,'41'),
	 (353,1,7445,'2'),
	 (354,2,9195,'157'),
	 (355,1,7860,'56'),
	 (356,1,7445,'178'),
	 (357,1,7019,'154'),
	 (358,3,4393,'111'),
	 (359,3,9195,'164'),
	 (360,2,4535,'57');
INSERT INTO VentasProductos (idVentasProductos,cantidad,idProducto,idVenta) VALUES
	 (361,2,5878,'109'),
	 (362,1,5878,'7'),
	 (363,3,4703,'105'),
	 (364,2,6111,'118'),
	 (365,2,6111,'170'),
	 (366,2,9633,'107'),
	 (367,3,4393,'177'),
	 (368,2,6288,'26'),
	 (369,3,9875,'164'),
	 (370,3,8506,'173');
INSERT INTO VentasProductos (idVentasProductos,cantidad,idProducto,idVenta) VALUES
	 (371,1,7860,'127'),
	 (372,3,9195,'47'),
	 (373,1,3246,'73'),
	 (374,3,7860,'51'),
	 (375,3,8506,'173'),
	 (376,3,4535,'134'),
	 (377,1,5878,'108'),
	 (378,3,4525,'113'),
	 (379,3,6462,'103'),
	 (380,1,4393,'184');
INSERT INTO VentasProductos (idVentasProductos,cantidad,idProducto,idVenta) VALUES
	 (381,1,4019,'54'),
	 (382,1,7860,'2'),
	 (383,2,8025,'173'),
	 (384,2,7019,'17'),
	 (385,2,4393,'197'),
	 (386,3,9633,'162'),
	 (387,2,6462,'119'),
	 (388,2,9633,'192'),
	 (389,2,9195,'123'),
	 (390,3,7019,'85');
INSERT INTO VentasProductos (idVentasProductos,cantidad,idProducto,idVenta) VALUES
	 (391,3,7445,'138'),
	 (392,1,5878,'165'),
	 (393,1,7961,'80'),
	 (394,2,6111,'65'),
	 (395,2,6462,'177'),
	 (396,3,7860,'46'),
	 (397,2,7961,'151'),
	 (398,2,7795,'91'),
	 (399,3,7961,'150'),
	 (400,3,4393,'151');
INSERT INTO VentasProductos (idVentasProductos,cantidad,idProducto,idVenta) VALUES
	 (401,3,4535,'127'),
	 (402,3,4393,'138'),
	 (403,2,7445,'34'),
	 (404,3,4703,'106'),
	 (405,3,2268,'92'),
	 (406,3,4525,'144'),
	 (407,3,9633,'48'),
	 (408,1,4019,'128'),
	 (409,2,8025,'151'),
	 (410,2,2268,'61');
INSERT INTO VentasProductos (idVentasProductos,cantidad,idProducto,idVenta) VALUES
	 (411,2,4703,'47'),
	 (412,2,9195,'37'),
	 (413,3,6111,'84'),
	 (414,2,5878,'118'),
	 (415,1,5863,'30'),
	 (416,3,2268,'44'),
	 (417,2,7445,'27'),
	 (418,2,9195,'17'),
	 (419,3,9633,'16'),
	 (420,2,7860,'95');
INSERT INTO VentasProductos (idVentasProductos,cantidad,idProducto,idVenta) VALUES
	 (421,3,7019,'36'),
	 (422,2,8506,'189'),
	 (423,3,2268,'53'),
	 (424,1,7961,'68'),
	 (425,3,6111,'195'),
	 (426,1,6462,'198'),
	 (427,1,8506,'41'),
	 (428,2,5878,'118'),
	 (429,2,4393,'88'),
	 (430,3,3246,'108');
INSERT INTO VentasProductos (idVentasProductos,cantidad,idProducto,idVenta) VALUES
	 (431,1,9633,'181'),
	 (432,2,9195,'103'),
	 (433,1,4703,'113'),
	 (434,1,7860,'118'),
	 (435,3,4019,'72'),
	 (436,2,6462,'159'),
	 (437,3,7961,'67'),
	 (438,1,8506,'10'),
	 (439,1,5863,'11'),
	 (440,3,4525,'158');
INSERT INTO VentasProductos (idVentasProductos,cantidad,idProducto,idVenta) VALUES
	 (441,2,5863,'70'),
	 (442,3,3246,'125'),
	 (443,3,9875,'93'),
	 (444,3,5863,'26'),
	 (445,2,5878,'157'),
	 (446,1,7961,'106'),
	 (447,3,5863,'134'),
	 (448,1,4052,'158'),
	 (449,2,8506,'132'),
	 (450,2,2268,'123');
INSERT INTO VentasProductos (idVentasProductos,cantidad,idProducto,idVenta) VALUES
	 (451,3,4393,'152'),
	 (452,1,5878,'77'),
	 (453,2,4535,'88'),
	 (454,1,4393,'62'),
	 (455,1,4090,'67'),
	 (456,2,4703,'185'),
	 (457,2,2268,'33'),
	 (458,1,5863,'174'),
	 (459,3,4703,'187'),
	 (460,1,7860,'172');
INSERT INTO VentasProductos (idVentasProductos,cantidad,idProducto,idVenta) VALUES
	 (461,3,5878,'73'),
	 (462,3,5863,'135'),
	 (463,3,5878,'97'),
	 (464,1,5863,'147'),
	 (465,1,4525,'137'),
	 (466,3,2268,'165'),
	 (467,2,4703,'108'),
	 (468,2,6462,'46'),
	 (469,3,4535,'156'),
	 (470,3,7795,'79');
INSERT INTO VentasProductos (idVentasProductos,cantidad,idProducto,idVenta) VALUES
	 (471,3,5878,'72'),
	 (472,2,7961,'156'),
	 (473,1,7860,'11'),
	 (474,3,9875,'11'),
	 (475,3,3246,'132'),
	 (476,2,8506,'200'),
	 (477,1,3246,'177'),
	 (478,2,9633,'168'),
	 (479,3,4052,'166'),
	 (480,3,2268,'184');
INSERT INTO VentasProductos (idVentasProductos,cantidad,idProducto,idVenta) VALUES
	 (481,2,4090,'98'),
	 (482,1,4052,'146'),
	 (483,2,4535,'197'),
	 (484,3,3246,'141'),
	 (485,1,7961,'190'),
	 (486,3,9875,'112'),
	 (487,3,5863,'15'),
	 (488,2,2268,'113'),
	 (489,3,8025,'147'),
	 (490,3,7961,'83');
INSERT INTO VentasProductos (idVentasProductos,cantidad,idProducto,idVenta) VALUES
	 (491,3,4019,'62'),
	 (492,3,5878,'81'),
	 (493,1,7019,'77'),
	 (494,1,9875,'101'),
	 (495,2,2268,'85'),
	 (496,3,4090,'132'),
	 (497,1,4703,'49'),
	 (498,1,9195,'128'),
	 (499,1,4535,'125'),
	 (500,3,4525,'63');