INSERT INTO Clientes (identificacion,nombres,apellidos) VALUES
	 ('1110238','Juan Pedro','Perez Lopez'),
	 ('1110655','Maria José','Perez Lopez'),
	 ('7317164','Suzy','Ritchie'),
	 ('1649129','Cissy','Ding'),
	 ('1441413','Sharona','Jacobsson'),
	 ('0824503','Elston','Rosenthal'),
	 ('6761578','Kizzie','Marquot'),
	 ('5456476','Maria','MacCaughan'),
	 ('0936013','Bradly','Townrow'),
	 ('5506334','Lemmy','Pimmocke');
INSERT INTO Clientes (identificacion,nombres,apellidos) VALUES
	 ('6118567','Dennet','Jirus'),
	 ('4859976','Elvin','Keaveney'),
	 ('48868247','Cadman','Kaufman'),
	 ('32954584','Orli','Anderson'),
	 ('21219283','Amela','Marquez'),
	 ('25418715','Cruz','Black'),
	 ('48571389','Christen','Mays'),
	 ('27147847','Sacha','Johnston'),
	 ('25593603','Ciaran','Wade'),
	 ('6065312','Catherine','Mcbride');
INSERT INTO Clientes (identificacion,nombres,apellidos) VALUES
	 ('34936662','Victor','Sims'),
	 ('44189087','Mercedes','Lester'),
	 ('38828266','Nell','Moore'),
	 ('24980776','Wang','Norris'),
	 ('46040998','Maryam','Ramsey'),
	 ('34054513','Bevis','Walters'),
	 ('41503957','Briar','Wooten'),
	 ('36694362','Lucas','Castro'),
	 ('35345044','Athena','Compton'),
	 ('33338125','Pascale','Perkins');
INSERT INTO Clientes (identificacion,nombres,apellidos) VALUES
	 ('36589093','Rashad','Shelton'),
	 ('36111368','Jada','Chase'),
	 ('29113821','Unity','Hubbard'),
	 ('43500865','Bruce','Hicks'),
	 ('21623361','Jacob','Brock'),
	 ('49510553','Amy','Owens'),
	 ('40051775','Alea','Riggs'),
	 ('9054578','Janna','Woodward'),
	 ('11566430','Scarlett','Bullock'),
	 ('27641633','Seth','Watkins');
INSERT INTO Clientes (identificacion,nombres,apellidos) VALUES
	 ('42150338','Raya','Morton'),
	 ('12113214','Abel','Wolfe'),
	 ('6962300','Jana','Conley'),
	 ('33018389','Angelica','Rivers'),
	 ('42817819','Conan','Griffin'),
	 ('12462156','Buckminster','Fulton'),
	 ('12977725','Keiko','Parrish'),
	 ('41501510','Austin','Hull'),
	 ('8070321','Hiroko','Wood'),
	 ('20534551','Chancellor','Perry');
INSERT INTO Clientes (identificacion,nombres,apellidos) VALUES
	 ('45628526','Brennan','Powell'),
	 ('17776066','Kim','Chapman'),
	 ('16059318','Sybill','Schmidt'),
	 ('33720932','Griffin','Bender'),
	 ('42358273','Alfonso','Hayes'),
	 ('43321243','Buckminster','Adams'),
	 ('14534217','Lynn','Cabrera'),
	 ('45822385','Hope','Dodson'),
	 ('18665068','Jemima','Gross'),
	 ('46047512','Driscoll','Mcclure');
INSERT INTO Clientes (identificacion,nombres,apellidos) VALUES
	 ('44379651','Ashton','Roberts'),
	 ('49580947','Regina','Curry'),
	 ('11098205','Barry','Head'),
	 ('24930210','Kyla','Mcintyre'),
	 ('34590098','Colorado','Gilbert'),
	 ('5879170','Victor','Flynn'),
	 ('7418959','Amity','Riggs'),
	 ('9634961','Hu','Moses'),
	 ('30187414','Amena','Duncan'),
	 ('32146460','Curran','West');
INSERT INTO Clientes (identificacion,nombres,apellidos) VALUES
	 ('26777784','Price','Donovan'),
	 ('43197785','Tara','Tyson'),
	 ('26170685','Wynter','Bruce'),
	 ('32832874','Cameran','Hammond'),
	 ('40513169','Colby','Cole'),
	 ('35915455','Liberty','Nolan'),
	 ('46809729','Lila','Fernandez'),
	 ('5346324','Venus','Barrett'),
	 ('34992051','Linus','Cobb'),
	 ('18333638','Noelle','Rosales');
INSERT INTO Clientes (identificacion,nombres,apellidos) VALUES
	 ('7546189','Mercedes','Walsh'),
	 ('10345974','Maxine','Heath'),
	 ('31747866','Castor','Bridges'),
	 ('12618174','Kirby','Gillespie'),
	 ('49642652','Wing','West'),
	 ('10119315','Evan','Garner'),
	 ('30391292','Cadman','Little'),
	 ('12122884','Rashad','Molina'),
	 ('37253410','Moses','Carey'),
	 ('49746354','Garrett','Alston');
INSERT INTO Clientes (identificacion,nombres,apellidos) VALUES
	 ('38130979','Indigo','Vaughn'),
	 ('44016249','Athena','Mccarthy'),
	 ('37571075','Dora','Middleton'),
	 ('37714178','Davis','Wells'),
	 ('35466906','Lewis','Watts'),
	 ('27588148','Olivia','Spears'),
	 ('26198120','Brooke','Walter'),
	 ('19807674','Julian','Ortega'),
	 ('31031636','Angela','Becker'),
	 ('34773300','Otto','Richard');
INSERT INTO Clientes (identificacion,nombres,apellidos) VALUES
	 ('16015035','Leigh','Foley'),
	 ('49898654','Brittany','Benjamin'),
	 ('45204366','Leo','Grant'),
	 ('15824417','Samantha','Ortega'),
	 ('37578869','Bertha','Gonzalez'),
	 ('35922253','Drake','Young'),
	 ('12506585','Mara','Ortega'),
	 ('14832939','Tarik','Sullivan'),
	 ('27818588','Daniel','Weeks'),
	 ('47979726','Nero','Davenport');
INSERT INTO Clientes (identificacion,nombres,apellidos) VALUES
	 ('13367900','Pearl','Schwartz'),
	 ('45834243','Phillip','Sullivan');
INSERT INTO Marcas (codigoMarca,nombre) VALUES
	 (1,'Adidas'),
	 (2,'Nike'),
	 (3,'Arturo'),
	 (4,'Koaj'),
	 (5,'Bossi'),
	 (6,'Gef'),
	 (7,'Studio'),
	 (8,'Puma'),
	 (9,'Ela');
INSERT INTO Productos (codigoBarras,nombre,precio,talla,color,idMarca) VALUES
	 (2268,'Camisa',61000.0,'M','Negro',5),
	 (3246,'Falda',95000.0,'M','Azul',1),
	 (4019,'Camiseta',46000.0,'L','Azul',7),
	 (4052,'Pantalón',82000.0,'M','Azul',3),
	 (4090,'Camisa',86000.0,'XL','Blanco',9),
	 (4393,'Vestido',50000.0,'L','Azul',9),
	 (4525,'Vestido',62000.0,'S','Verde',7),
	 (4535,'Falda',30000.0,'S','Negro',8),
	 (4703,'Camiseta',53000.0,'M','Rojo',7),
	 (5863,'Camisa',66000.0,'S','Rojo',5);
INSERT INTO Productos (codigoBarras,nombre,precio,talla,color,idMarca) VALUES
	 (5878,'Camiseta',18000.0,'XL','Azul',7),
	 (6111,'Jean',67000.0,'XL','Verde',3),
	 (6288,'Camiseta',38000.0,'S','Blanco',9),
	 (6462,'Falda',38000.0,'L','Rojo',4),
	 (7019,'Pantalón',91000.0,'L','Azul',1),
	 (7445,'Jean',10000.0,'S','Rojo',4),
	 (7795,'Pantalón',73000.0,'XL','Azul',6),
	 (7860,'Vestido',60000.0,'XL','Azul',9),
	 (7961,'Vestido',61000.0,'M','Rojo',8),
	 (8025,'Pantalón',88000.0,'S','Azul',1);
INSERT INTO Productos (codigoBarras,nombre,precio,talla,color,idMarca) VALUES
	 (8506,'Falda',53000.0,'XL','Rojo',7),
	 (9195,'Camisa',66000.0,'L','Negro',3),
	 (9633,'Jean',46000.0,'L','Azul',2),
	 (9875,'Jean',82000.0,'M','Azul',2);
INSERT INTO Ventas (codigoVenta,total,idCliente) VALUES
	 ('1',95000.0,'47979726'),
	 ('2',35000.0,'18665068'),
	 ('3',47000.0,'7418959'),
	 ('4',20000.0,'45628526'),
	 ('5',24000.0,'44189087'),
	 ('6',70000.0,'41503957'),
	 ('7',75000.0,'12618174'),
	 ('8',96000.0,'49898654'),
	 ('9',43000.0,'34936662'),
	 ('10',99000.0,'26170685');
INSERT INTO Ventas (codigoVenta,total,idCliente) VALUES
	 ('11',92000.0,'14832939'),
	 ('12',41000.0,'43500865'),
	 ('13',91000.0,'48868247'),
	 ('14',51000.0,'5879170'),
	 ('15',28000.0,'41501510'),
	 ('16',72000.0,'38828266'),
	 ('17',81000.0,'26170685'),
	 ('18',42000.0,'12977725'),
	 ('19',23000.0,'30187414'),
	 ('20',90000.0,'41501510');
INSERT INTO Ventas (codigoVenta,total,idCliente) VALUES
	 ('21',18000.0,'14832939'),
	 ('22',27000.0,'24930210'),
	 ('23',41000.0,'36589093'),
	 ('24',74000.0,'42150338'),
	 ('25',11000.0,'6065312'),
	 ('26',17000.0,'43321243'),
	 ('27',81000.0,'45204366'),
	 ('28',84000.0,'20534551'),
	 ('29',24000.0,'49510553'),
	 ('30',35000.0,'11566430');
INSERT INTO Ventas (codigoVenta,total,idCliente) VALUES
	 ('31',24000.0,'35915455'),
	 ('32',44000.0,'13367900'),
	 ('33',60000.0,'45628526'),
	 ('34',92000.0,'11098205'),
	 ('35',40000.0,'13367900'),
	 ('36',84000.0,'26777784'),
	 ('37',10000.0,'25593603'),
	 ('38',45000.0,'10119315'),
	 ('39',100000.0,'16059318'),
	 ('40',22000.0,'12977725');
INSERT INTO Ventas (codigoVenta,total,idCliente) VALUES
	 ('41',30000.0,'32832874'),
	 ('42',52000.0,'19807674'),
	 ('43',50000.0,'37571075'),
	 ('44',34000.0,'8070321'),
	 ('45',10000.0,'37571075'),
	 ('46',93000.0,'11566430'),
	 ('47',72000.0,'37253410'),
	 ('48',31000.0,'24930210'),
	 ('49',32000.0,'36694362'),
	 ('50',55000.0,'45834243');
INSERT INTO Ventas (codigoVenta,total,idCliente) VALUES
	 ('51',52000.0,'32954584'),
	 ('52',74000.0,'12462156'),
	 ('53',89000.0,'34936662'),
	 ('54',85000.0,'8070321'),
	 ('55',46000.0,'49510553'),
	 ('56',61000.0,'44379651'),
	 ('57',76000.0,'8070321'),
	 ('58',30000.0,'36111368'),
	 ('59',43000.0,'49746354'),
	 ('60',68000.0,'40051775');
INSERT INTO Ventas (codigoVenta,total,idCliente) VALUES
	 ('61',92000.0,'48571389'),
	 ('62',34000.0,'38130979'),
	 ('63',10000.0,'33720932'),
	 ('64',48000.0,'21219283'),
	 ('65',82000.0,'9634961'),
	 ('66',11000.0,'12506585'),
	 ('67',56000.0,'45822385'),
	 ('68',97000.0,'42150338'),
	 ('69',42000.0,'26198120'),
	 ('70',53000.0,'40051775');
INSERT INTO Ventas (codigoVenta,total,idCliente) VALUES
	 ('71',45000.0,'5346324'),
	 ('72',42000.0,'13367900'),
	 ('73',94000.0,'11566430'),
	 ('74',30000.0,'7546189'),
	 ('75',35000.0,'43321243'),
	 ('76',53000.0,'27818588'),
	 ('77',77000.0,'27147847'),
	 ('78',71000.0,'49898654'),
	 ('79',52000.0,'41501510'),
	 ('80',28000.0,'34936662');
INSERT INTO Ventas (codigoVenta,total,idCliente) VALUES
	 ('81',71000.0,'6065312'),
	 ('82',63000.0,'24980776'),
	 ('83',75000.0,'27588148'),
	 ('84',63000.0,'42150338'),
	 ('85',67000.0,'45628526'),
	 ('86',99000.0,'33720932'),
	 ('87',20000.0,'10119315'),
	 ('88',58000.0,'48868247'),
	 ('89',76000.0,'25593603'),
	 ('90',92000.0,'46809729');
INSERT INTO Ventas (codigoVenta,total,idCliente) VALUES
	 ('91',12000.0,'33018389'),
	 ('92',85000.0,'33018389'),
	 ('93',41000.0,'48868247'),
	 ('94',13000.0,'33338125'),
	 ('95',90000.0,'43321243'),
	 ('96',63000.0,'44189087'),
	 ('97',70000.0,'18665068'),
	 ('98',76000.0,'34936662'),
	 ('99',81000.0,'18665068'),
	 ('100',65000.0,'18333638');
INSERT INTO Ventas (codigoVenta,total,idCliente) VALUES
	 ('101',64000.0,'37571075'),
	 ('102',84000.0,'34054513'),
	 ('103',70000.0,'49898654'),
	 ('104',40000.0,'35345044'),
	 ('105',100000.0,'14534217'),
	 ('106',34000.0,'48868247'),
	 ('107',57000.0,'12113214'),
	 ('108',38000.0,'43321243'),
	 ('109',24000.0,'36111368'),
	 ('110',46000.0,'40051775');
INSERT INTO Ventas (codigoVenta,total,idCliente) VALUES
	 ('111',55000.0,'37253410'),
	 ('112',99000.0,'34590098'),
	 ('113',44000.0,'10345974'),
	 ('114',64000.0,'49746354'),
	 ('115',34000.0,'49510553'),
	 ('116',23000.0,'29113821'),
	 ('117',37000.0,'41501510'),
	 ('118',100000.0,'43321243'),
	 ('119',67000.0,'47979726'),
	 ('120',90000.0,'10345974');
INSERT INTO Ventas (codigoVenta,total,idCliente) VALUES
	 ('121',50000.0,'26170685'),
	 ('122',56000.0,'44189087'),
	 ('123',98000.0,'31031636'),
	 ('124',57000.0,'10119315'),
	 ('125',39000.0,'35915455'),
	 ('126',88000.0,'45834243'),
	 ('127',39000.0,'27818588'),
	 ('128',57000.0,'34773300'),
	 ('129',97000.0,'12977725'),
	 ('130',52000.0,'44189087');
INSERT INTO Ventas (codigoVenta,total,idCliente) VALUES
	 ('131',16000.0,'34590098'),
	 ('132',78000.0,'44016249'),
	 ('133',76000.0,'34936662'),
	 ('134',58000.0,'32954584'),
	 ('135',15000.0,'14534217'),
	 ('136',23000.0,'37714178'),
	 ('137',88000.0,'49642652'),
	 ('138',39000.0,'20534551'),
	 ('139',10000.0,'12462156'),
	 ('140',91000.0,'30391292');
INSERT INTO Ventas (codigoVenta,total,idCliente) VALUES
	 ('141',79000.0,'45834243'),
	 ('142',20000.0,'21219283'),
	 ('143',85000.0,'43197785'),
	 ('144',34000.0,'48571389'),
	 ('145',82000.0,'26198120'),
	 ('146',83000.0,'35466906'),
	 ('147',33000.0,'34773300'),
	 ('148',86000.0,'16015035'),
	 ('149',73000.0,'44189087'),
	 ('150',43000.0,'49642652');
INSERT INTO Ventas (codigoVenta,total,idCliente) VALUES
	 ('151',46000.0,'44379651'),
	 ('152',50000.0,'11566430'),
	 ('153',21000.0,'9634961'),
	 ('154',76000.0,'40051775'),
	 ('155',77000.0,'36694362'),
	 ('156',62000.0,'14832939'),
	 ('157',63000.0,'12462156'),
	 ('158',74000.0,'12977725'),
	 ('159',83000.0,'35922253'),
	 ('160',83000.0,'24930210');
INSERT INTO Ventas (codigoVenta,total,idCliente) VALUES
	 ('161',56000.0,'12977725'),
	 ('162',24000.0,'15824417'),
	 ('163',14000.0,'44016249'),
	 ('164',46000.0,'14534217'),
	 ('165',78000.0,'18333638'),
	 ('166',97000.0,'27818588'),
	 ('167',54000.0,'49580947'),
	 ('168',70000.0,'38130979'),
	 ('169',60000.0,'36111368'),
	 ('170',44000.0,'48868247');
INSERT INTO Ventas (codigoVenta,total,idCliente) VALUES
	 ('171',94000.0,'37578869'),
	 ('172',33000.0,'21623361'),
	 ('173',27000.0,'47979726'),
	 ('174',86000.0,'27588148'),
	 ('175',44000.0,'32146460'),
	 ('176',43000.0,'40051775'),
	 ('177',80000.0,'40051775'),
	 ('178',94000.0,'45822385'),
	 ('179',94000.0,'49510553'),
	 ('180',96000.0,'36111368');
INSERT INTO Ventas (codigoVenta,total,idCliente) VALUES
	 ('181',43000.0,'33720932'),
	 ('182',32000.0,'47979726'),
	 ('183',21000.0,'31031636'),
	 ('184',88000.0,'49510553'),
	 ('185',46000.0,'8070321'),
	 ('186',19000.0,'10119315'),
	 ('187',99000.0,'44016249'),
	 ('188',88000.0,'49510553'),
	 ('189',11000.0,'32954584'),
	 ('190',48000.0,'27818588');
INSERT INTO Ventas (codigoVenta,total,idCliente) VALUES
	 ('191',59000.0,'9054578'),
	 ('192',99000.0,'38828266'),
	 ('193',75000.0,'16015035'),
	 ('194',79000.0,'5346324'),
	 ('195',42000.0,'45628526'),
	 ('196',81000.0,'29113821'),
	 ('197',92000.0,'21219283'),
	 ('198',72000.0,'27641633'),
	 ('199',69000.0,'27588148'),
	 ('200',23000.0,'37714178');
INSERT INTO VentasProductos (idVentasProductos,cantidad,idProducto,idVenta) VALUES
	 (1,1,4703,'179'),
	 (2,2,4052,'5'),
	 (3,3,7860,'46');